<?xml version="1.0" encoding="UTF-8"?>
<project-private xmlns="http://www.netbeans.org/ns/project-private/1">
    <editor-bookmarks xmlns="http://www.netbeans.org/ns/editor-bookmarks/2" lastBookmarkId="0"/>
    <open-files xmlns="http://www.netbeans.org/ns/projectui-open-files/2">
        <group>
            <file>file:/home/roberto/Documentos/ugr/java_Napakalaki/Napakalaki/src/NapakalakiGame/TreasureKind.java</file>
            <file>file:/home/roberto/Documentos/ugr/java_Napakalaki/Napakalaki/src/NapakalakiGame/Player.java</file>
            <file>file:/home/roberto/Documentos/ugr/java_Napakalaki/Napakalaki/src/NapakalakiGame/Treasure.java</file>
            <file>file:/home/roberto/Documentos/ugr/java_Napakalaki/Napakalaki/src/NapakalakiGame/NumericBadConsequence.java</file>
            <file>file:/home/roberto/Documentos/ugr/java_Napakalaki/Napakalaki/src/NapakalakiGame/Napakalaki.java</file>
            <file>file:/home/roberto/Documentos/ugr/java_Napakalaki/Napakalaki/src/NapakalakiGame/Prize.java</file>
            <file>file:/home/roberto/Documentos/ugr/java_Napakalaki/Napakalaki/src/NapakalakiGame/SpecificBadConsequence.java</file>
        </group>
    </open-files>
</project-private>
